<?xml version="1.0" encoding="UTF-8"?>
<peripheriques>
<!-- SONDES -->
<periph nom="sonde_temp_ext" type="sonde" proto="OS" addr="439219202" addr2="v1" operation="/10" tts="La température extérieure est de %s degrés"/>
<periph nom="sonde_hygro_ext" type="sonde" proto="OS" addr="439219202" addr2="v2" operation="" tts="L'hygrométrie extérieure est de %s pourcent"/>
<periph nom="sonde_battery_ext" type="sonde" proto="OS" addr="439219202" addr2="lowbatt" operation="" tts="Le niveau des piles est %s"/>
<!-- ZWAVE -->
<periph nom="volet_sam" type="module" proto="6" addr="A" addr2="3" tts=" les volets de la salle à manger "/>
<!-- CHACON -->
<periph nom="lumiere_bureau" type="module" proto="0" addr="B" addr2="1" tts=" la lumière du bureau "/>
<periph nom="prise_tv" type="module" proto="0" addr="G" addr2="1" tts=" la prise de la télévision "/>
<!-- BLYSS -->
<periph nom="vmc" type="module" proto="10" addr="G" addr2="1" tts=" la VMC "/>
<!-- SCENARIO -->
<periph nom="alarme_OFF" type="scenario" proto="" addr="9" addr2="" tts=" Alarme désactivée "/>
<periph nom="alarme_ON" type="scenario" proto="" addr="10" addr2="" tts=" Alarme activée "/>
</peripheriques>