<grammar version="1.0" xml:lang="fr-FR" mode="voice" root="ruleZibase" xmlns="http://www.w3.org/2001/06/grammar" tag-format="semantics/1.0">
  <rule id="ruleZibase" scope="public">
    <example>Sarah, allume la lumière du salon</example>
    <tag>out.action=new Object(); </tag>
    <item>Sarah</item>
	
     <one-of>
      <item>allume<tag>out.action.actionModule="ON";out.action.ttsAction="j'allume";</tag></item>
	  <item>active<tag>out.action.actionModule="ON";out.action.ttsAction="j'active";</tag></item>
	  <item>ouvre<tag>out.action.actionModule="ON";out.action.ttsAction="j'ouvre";</tag></item>
      <item>éteint<tag>out.action.actionModule="OFF";out.action.ttsAction="j'éteint";</tag></item>
	  <item>désactive<tag>out.action.actionModule="OFF";out.action.ttsAction="je désactive";</tag></item>
	  <item>ferme<tag>out.action.actionModule="OFF";out.action.ttsAction="je ferme";</tag></item>
	  <item>lance le scénario<tag>out.action.ttsAction="je lance le scénario"</tag></item>
	  <item>Quelle est</item>
    </one-of> 
	
    <one-of>
	<!-- Module Zwave -->
		<item>les volets de la salle a manger
			<tag>
			out.action.module="volet_sam";
			</tag>
		</item>
		
	<!-- Module Chacon -->
		<item>la lumiaire du bureau
			<tag>
			out.action.module="lumiere_bureau";
			</tag>
		</item>
				
		<item>la prise de la télévision
			<tag>
			out.action.module="prise_tv";
			</tag>
		</item>
				
		
	<!-- Module Blyss  -->
		<item>la VMC
			<tag>
			out.action.module="vmc";
			</tag>
		</item>
			
	<!-- Sondes -->
		<item>la température extérieure
			<tag>
			out.action.module="sonde_temp_ext";
			</tag>
		</item>	
				
		<item>l'hygrométrie extérieure
			<tag>
			out.action.module="sonde_hygro_ext";
			</tag>
		</item>	
		
		<item>l'état des piles de la sonde extérieure
			<tag>
			out.action.module="sonde_battery_ext";
			</tag>
		</item>	
		
	<!-- Scenario  -->
		<item>alarme désactivée
			<tag>
			out.action.module="alarme_OFF";
			</tag>
		</item>
		<item>alarme activée
			<tag>
			out.action.module="alarme_ON";
			</tag>
		</item>
    </one-of>
	
	<item repeat="0-1">
	<one-of>
			<item>a vingt cinq pour cent
			<tag>
				out.action.ttsDim=" a vingt cinq pour cent";
				out.action.dimValue=25;
			</tag>
		</item>
		<item>a cinquant pour cent
			<tag>
				out.action.ttsDim=" a cinquante pour cent";
				out.action.dimValue=50;
			</tag>
		</item>
		<item>a soixante quinze pour cent
			<tag>
				out.action.ttsDim=" a soixante quinze pour cent";
				out.action.dimValue=75;
			</tag>
		</item>
		<item>a cent pour cent
			<tag>
				out.action.ttsDim=" a cent pour cent";
				out.action.dimValue=100;
			</tag>
		</item>
	</one-of>
	</item>
    <tag>out.action._attributes.uri="http://127.0.0.1:8080/sarah/zibase";</tag>
  </rule>
</grammar>
              